reference,period,group,target_value,design_weight,calibration_factor,auxiliary,l_value
123456,1900,1,92,50,0.8,100,2368.579001
234567,1900,1,500,50,0.8,110,2368.579001
345678,1900,1,96,50,0.8,90,2368.579001
456789,1900,1,108,50,0.8,105,2368.579001
567890,1900,1,101,50,0.8,100,2368.579001
678901,1900,1,295,20,0.8,300,2368.579001
789012,1900,1,294,20,0.8,290,2368.579001
890123,1900,1,288,20,0.8,290,2368.579001
901234,1900,1,298,20,0.8,297,2368.579001
123450,1900,1,288,20,0.8,305,2368.579001